City	Cloudiness	Country	Date	Humidity	Lat	Lng	Max Temp	Wind Speed	Date (Readable)
ushuaia	75	AR	1556694000	60	-54.81	-68.31	4	7.2	01 May 2019 00:00:00 Pacific Daylight Time
yerbogachen	91	RU	1556695652	76	61.28	108.01	7.53	2.22	01 May 2019 00:27:32 Pacific Daylight Time
dikson	100	RU	1556695652	82	73.51	80.55	-10.48	10.04	01 May 2019 00:27:32 Pacific Daylight Time
rikitea	3	PF	1556695653	71	-23.12	-134.97	22.43	8.46	01 May 2019 00:27:33 Pacific Daylight Time
kysyl-syr	100	RU	1556695653	92	63.9	122.77	0.93	5.22	01 May 2019 00:27:33 Pacific Daylight Time
tuktoyaktuk	100	CA	1556695653	95	69.44	-133.03	0.53	7.29	01 May 2019 00:27:33 Pacific Daylight Time
tiksi	2	RU	1556695653	83	71.64	128.87	-9.88	2.88	01 May 2019 00:27:33 Pacific Daylight Time
san quintin	14	PH	1556695654	48	17.54	120.52	33.83	4.17	01 May 2019 00:27:34 Pacific Daylight Time
chuy	12	UY	1556695654	57	-33.69	-53.46	15.53	4.35	01 May 2019 00:27:34 Pacific Daylight Time
touros	40	BR	1556694000	94	-5.2	-35.46	25	1.5	01 May 2019 00:00:00 Pacific Daylight Time
poso	49	ID	1556695655	85	-1.4	120.75	22.03	1.86	01 May 2019 00:27:35 Pacific Daylight Time
clyde river	40	CA	1556694000	85	70.47	-68.59	-7	8.7	01 May 2019 00:00:00 Pacific Daylight Time
avarua	9	CK	1556694000	78	-21.21	-159.78	26	9.8	01 May 2019 00:00:00 Pacific Daylight Time
carnarvon	0	ZA	1556695655	44	-30.97	22.13	14.53	2.15	01 May 2019 00:27:35 Pacific Daylight Time
puerto escondido	0	MX	1556695656	68	15.86	-97.07	27.03	1.23	01 May 2019 00:27:36 Pacific Daylight Time
podgornoye	99	RU	1556695656	61	57.79	82.64	-2.48	5.89	01 May 2019 00:27:36 Pacific Daylight Time
hermanus	19	ZA	1556695007	93	-34.42	19.24	16.67	0.89	01 May 2019 00:16:47 Pacific Daylight Time
busselton	68	AU	1556695654	30	-33.64	115.35	17.22	4.97	01 May 2019 00:27:34 Pacific Daylight Time
punta arenas	40	CL	1556695387	73	-53.16	-70.91	1	4.1	01 May 2019 00:23:07 Pacific Daylight Time
butaritari	53	KI	1556695657	81	3.07	172.79	28.83	5.93	01 May 2019 00:27:37 Pacific Daylight Time
bluff	8	AU	1556695658	45	-23.58	149.07	27.63	6.96	01 May 2019 00:27:38 Pacific Daylight Time
sarh	0	TD	1556694000	48	9.14	18.39	29	3.1	01 May 2019 00:00:00 Pacific Daylight Time
cape town	90	ZA	1556695368	100	-33.93	18.42	16.67	0.5	01 May 2019 00:22:48 Pacific Daylight Time
mataura	45	NZ	1556695214	78	-46.19	168.86	13.89	3.15	01 May 2019 00:20:14 Pacific Daylight Time
albany	90	US	1556695536	81	42.65	-73.75	6.11	0.35	01 May 2019 00:25:36 Pacific Daylight Time
hirara	75	JP	1556694000	83	24.8	125.28	23	5.1	01 May 2019 00:00:00 Pacific Daylight Time
berlevag	100	NO	1556695659	65	70.86	29.09	-0.98	7.26	01 May 2019 00:27:39 Pacific Daylight Time
houma	28	CN	1556695660	21	35.63	111.36	23.43	6.27	01 May 2019 00:27:40 Pacific Daylight Time
upernavik	7	GL	1556695660	78	72.79	-56.15	1.13	2.53	01 May 2019 00:27:40 Pacific Daylight Time
wana	0	PK	1556695661	23	32.31	69.59	16.13	5.37	01 May 2019 00:27:41 Pacific Daylight Time
vaini	0	IN	1556694000	36	15.34	74.49	34	4.1	01 May 2019 00:00:00 Pacific Daylight Time
saint-raymond	1	CA	1556695342	39	46.89	-71.84	0	4.1	01 May 2019 00:22:22 Pacific Daylight Time
georgetown	40	GY	1556690400	100	6.8	-58.16	24	2.1	30 Apr 2019 23:00:00 Pacific Daylight Time
constitucion	13	MX	1556695216	26	23.99	-104.67	16.11	4.02	01 May 2019 00:20:16 Pacific Daylight Time
hobart	75	AU	1556695455	59	-42.88	147.33	16	3.6	01 May 2019 00:24:15 Pacific Daylight Time
koshurnikovo	57	RU	1556695663	74	54.3	93.39	7.23	6.79	01 May 2019 00:27:43 Pacific Daylight Time
hambantota	20	LK	1556694600	67	6.12	81.12	34	7.7	01 May 2019 00:10:00 Pacific Daylight Time
norman wells	90	CA	1556694000	100	65.28	-126.83	-1	1	01 May 2019 00:00:00 Pacific Daylight Time
ilebo	77	CD	1556695665	96	-4.33	20.59	22.83	0.79	01 May 2019 00:27:45 Pacific Daylight Time
tessalit	0	ML	1556695665	10	20.2	1.01	27.43	3.87	01 May 2019 00:27:45 Pacific Daylight Time
qasigiannguit	1	GL	1556693400	36	68.82	-51.19	7	9.8	30 Apr 2019 23:50:00 Pacific Daylight Time
hovd	75	NO	1556695517	81	63.83	10.7	7.78	4.1	01 May 2019 00:25:17 Pacific Daylight Time
cidreira	60	BR	1556695667	76	-30.17	-50.22	19.43	1.8	01 May 2019 00:27:47 Pacific Daylight Time
saint andrews	0	NZ	1556695633	83	-44.53	171.19	10	1.26	01 May 2019 00:27:13 Pacific Daylight Time
cabo san lucas	1	MX	1556695250	67	22.89	-109.91	21.67	5.16	01 May 2019 00:20:50 Pacific Daylight Time
oyon	9	PE	1556695668	84	-10.67	-76.77	4.43	3.2	01 May 2019 00:27:48 Pacific Daylight Time
airai	93	TL	1556695668	67	-8.93	125.41	28.83	2.59	01 May 2019 00:27:48 Pacific Daylight Time
kaitangata	23	NZ	1556695569	67	-46.28	169.85	12.22	2.24	01 May 2019 00:26:09 Pacific Daylight Time
qaanaaq	0	GL	1556695668	66	77.48	-69.36	-2.18	2.32	01 May 2019 00:27:48 Pacific Daylight Time
nikolskoye	0	RU	1556695537	26	59.7	30.79	14	4	01 May 2019 00:25:37 Pacific Daylight Time
chernyshevskiy	100	RU	1556695669	75	63.01	112.47	3.23	3.56	01 May 2019 00:27:49 Pacific Daylight Time
rosehearty	75	GB	1556695564	87	57.7	-2.11	11.11	2.1	01 May 2019 00:26:04 Pacific Daylight Time
atuona	99	PF	1556695375	73	-9.8	-139.03	28.33	5.86	01 May 2019 00:22:55 Pacific Daylight Time
avera	90	US	1556695668	94	33.19	-82.53	21.67	2.1	01 May 2019 00:27:48 Pacific Daylight Time
najran	0	SA	1556694000	18	17.54	44.22	33	2.6	01 May 2019 00:00:00 Pacific Daylight Time
nome	90	US	1556695669	83	30.04	-94.42	24.44	2.6	01 May 2019 00:27:49 Pacific Daylight Time
naze	40	NG	1556690400	94	5.43	7.07	25	1.45	30 Apr 2019 23:00:00 Pacific Daylight Time
kaeo	0	NZ	1556695380	87	-35.1	173.78	12.22	2.6	01 May 2019 00:23:00 Pacific Daylight Time
port alfred	1	ZA	1556695252	81	-33.59	26.89	18.89	2.24	01 May 2019 00:20:52 Pacific Daylight Time
bubaque	100	GW	1556695672	74	11.28	-15.83	25.23	5.44	01 May 2019 00:27:52 Pacific Daylight Time
ahipara	0	NZ	1556695380	87	-35.17	173.16	12.22	8.61	01 May 2019 00:23:00 Pacific Daylight Time
jamestown	0	AU	1556695673	31	-33.21	138.6	18.53	7.96	01 May 2019 00:27:53 Pacific Daylight Time
ancud	90	CL	1556694000	100	-41.87	-73.83	10	7.7	01 May 2019 00:00:00 Pacific Daylight Time
griffith	90	AU	1556695516	64	-34.29	146.06	22	6.7	01 May 2019 00:25:16 Pacific Daylight Time
barrow	64	AR	1556695674	31	-38.31	-60.23	10.23	4.94	01 May 2019 00:27:54 Pacific Daylight Time
prince rupert	90	CA	1556694120	87	54.32	-130.32	8	2.6	01 May 2019 00:02:00 Pacific Daylight Time
mehamn	100	NO	1556695675	71	71.03	27.85	-2.68	5.72	01 May 2019 00:27:55 Pacific Daylight Time
singaraja	31	ID	1556695675	66	-8.11	115.08	29.73	3.42	01 May 2019 00:27:55 Pacific Daylight Time
ostrovnoy	100	RU	1556695676	69	68.05	39.51	-2.38	4.73	01 May 2019 00:27:56 Pacific Daylight Time
thompson	40	CA	1556694000	74	55.74	-97.86	1	1.5	01 May 2019 00:00:00 Pacific Daylight Time
sur	0	OM	1556695676	14	22.57	59.53	36.13	1.31	01 May 2019 00:27:56 Pacific Daylight Time
truth or consequences	1	US	1556694970	25	33.13	-107.25	17.22	4.6	01 May 2019 00:16:10 Pacific Daylight Time
sao joao da barra	24	BR	1556695677	94	-21.64	-41.05	19.83	0.33	01 May 2019 00:27:57 Pacific Daylight Time
saldanha	0	PT	1556695677	80	41.42	-6.55	11.23	1.57	01 May 2019 00:27:57 Pacific Daylight Time
alice springs	40	AU	1556694000	28	-23.7	133.88	30	8.2	01 May 2019 00:00:00 Pacific Daylight Time
wanning	40	AT	1556695648	81	48.64	13.53	11.11	6.7	01 May 2019 00:27:28 Pacific Daylight Time
pachmarhi	0	IN	1556695678	10	22.47	78.44	40.53	4.11	01 May 2019 00:27:58 Pacific Daylight Time
roma	0	IT	1556695407	87	41.89	12.48	14.44	2.1	01 May 2019 00:23:27 Pacific Daylight Time
marzuq	48	YE	1556695679	16	14.4	46.47	29.23	2.81	01 May 2019 00:27:59 Pacific Daylight Time
bouna	98	CI	1556695679	88	9.27	-3	24.73	3.49	01 May 2019 00:27:59 Pacific Daylight Time
vostok	88	RU	1556695679	53	46.45	135.83	13.43	2.82	01 May 2019 00:27:59 Pacific Daylight Time
stauceni	40	MD	1556695642	71	47.09	28.87	17.22	7.7	01 May 2019 00:27:22 Pacific Daylight Time
mar del plata	0	AR	1556695680	70	-46.43	-67.52	6.93	4.93	01 May 2019 00:28:00 Pacific Daylight Time
pasighat	100	IN	1556695680	97	28.06	95.33	17.53	0.87	01 May 2019 00:28:00 Pacific Daylight Time
mandera	93	ET	1556695418	53	3.94	41.86	31.03	5.1	01 May 2019 00:23:38 Pacific Daylight Time
san gabriel	90	US	1556695461	71	34.1	-118.11	14.44	1.69	01 May 2019 00:24:21 Pacific Daylight Time
viborg	75	DK	1556695518	87	56.45	9.41	10.56	6.7	01 May 2019 00:25:18 Pacific Daylight Time
ilhabela	60	BR	1556695682	80	-23.78	-45.36	24.63	5.43	01 May 2019 00:28:02 Pacific Daylight Time
lompoc	1	US	1556695391	93	34.64	-120.46	12.78	2.74	01 May 2019 00:23:11 Pacific Daylight Time
ossora	98	RU	1556695683	64	59.24	163.07	1.63	5.29	01 May 2019 00:28:03 Pacific Daylight Time
antofagasta	0	CL	1556694000	82	-23.65	-70.4	15	1.5	01 May 2019 00:00:00 Pacific Daylight Time
hami	64	CN	1556695689	11	42.84	93.51	24.53	1.11	01 May 2019 00:28:09 Pacific Daylight Time
new norfolk	0	AU	1556695639	59	-42.78	147.06	16	1.5	01 May 2019 00:27:19 Pacific Daylight Time
bredasdorp	8	ZA	1556695007	82	-34.53	20.04	17	1	01 May 2019 00:16:47 Pacific Daylight Time
paamiut	91	GL	1556695692	58	61.99	-49.67	4.13	3.19	01 May 2019 00:28:12 Pacific Daylight Time
aklavik	90	CA	1556694000	71	68.22	-135.01	0	2.6	01 May 2019 00:00:00 Pacific Daylight Time
khatanga	3	RU	1556695692	85	71.98	102.47	-8.68	2.47	01 May 2019 00:28:12 Pacific Daylight Time
constantine	0	DZ	1556694000	76	36.36	6.61	11	0.5	01 May 2019 00:00:00 Pacific Daylight Time
kapaa	90	US	1556695393	83	22.08	-159.32	24	7.7	01 May 2019 00:23:13 Pacific Daylight Time
tasiilaq	95	GL	1556689800	93	65.61	-37.64	2	2.1	30 Apr 2019 22:50:00 Pacific Daylight Time
yellowknife	90	CA	1556695571	78	62.45	-114.38	-12	2.6	01 May 2019 00:26:11 Pacific Daylight Time
baoshan	0	CN	1556695691	38	31.41	121.49	23	6	01 May 2019 00:28:11 Pacific Daylight Time
vryburg	0	ZA	1556695694	45	-26.96	24.73	15.03	2.57	01 May 2019 00:28:14 Pacific Daylight Time
kodiak	90	US	1556695625	100	39.95	-94.76	13	4.1	01 May 2019 00:27:05 Pacific Daylight Time
provideniya	100	RU	1556695695	98	64.42	-173.23	-0.28	1.02	01 May 2019 00:28:15 Pacific Daylight Time
trelew	2	AR	1556695695	56	-43.25	-65.31	10.03	5.45	01 May 2019 00:28:15 Pacific Daylight Time
chimbote	47	PE	1556695696	93	-9.08	-78.59	19.23	6.28	01 May 2019 00:28:16 Pacific Daylight Time
castro	90	CL	1556694000	100	-42.48	-73.76	10	7.7	01 May 2019 00:00:00 Pacific Daylight Time
ust-nera	77	RU	1556695697	66	64.57	143.24	-4.18	1.49	01 May 2019 00:28:17 Pacific Daylight Time
saint anthony	1	US	1556695536	50	43.97	-111.68	1	2.1	01 May 2019 00:25:36 Pacific Daylight Time
arman	0	RU	1556695698	46	59.7	150.17	5.93	1.27	01 May 2019 00:28:18 Pacific Daylight Time
chokurdakh	98	RU	1556695698	91	70.62	147.9	-6.58	1.86	01 May 2019 00:28:18 Pacific Daylight Time
nanortalik	100	GL	1556695699	60	60.14	-45.24	5.43	12.08	01 May 2019 00:28:19 Pacific Daylight Time
dingle	56	PH	1556695699	53	11	122.67	31.73	1.17	01 May 2019 00:28:19 Pacific Daylight Time
iqaluit	90	CA	1556695363	85	63.75	-68.52	-5	11.3	01 May 2019 00:22:43 Pacific Daylight Time
jawhar	0	IN	1556695700	29	19.91	73.23	34.93	3.81	01 May 2019 00:28:20 Pacific Daylight Time
morant bay	20	JM	1556694000	65	17.88	-76.41	27	6.2	01 May 2019 00:00:00 Pacific Daylight Time
jati	0	PK	1556695443	8	24.35	68.27	38.83	2.02	01 May 2019 00:24:03 Pacific Daylight Time
omboue	99	GA	1556695701	84	-1.57	9.26	27.13	2.79	01 May 2019 00:28:21 Pacific Daylight Time
empangeni	0	ZA	1556695701	68	-28.75	31.9	21.33	3.21	01 May 2019 00:28:21 Pacific Daylight Time
avallon	0	FR	1556695701	92	47.49	3.91	6.83	0.81	01 May 2019 00:28:21 Pacific Daylight Time
saint-philippe	90	CA	1556695658	35	45.36	-73.48	5.56	6.2	01 May 2019 00:27:38 Pacific Daylight Time
port elizabeth	1	US	1556695681	87	39.31	-74.98	13.33	3.6	01 May 2019 00:28:01 Pacific Daylight Time
valea mare	48	RO	1556695588	89	45.76	26.01	8.33	5.36	01 May 2019 00:26:28 Pacific Daylight Time
bandarbeyla	70	SO	1556695509	47	9.49	50.81	29.43	1.53	01 May 2019 00:25:09 Pacific Daylight Time
los llanos de aridane	20	ES	1556695532	77	28.66	-17.92	18	6.2	01 May 2019 00:25:32 Pacific Daylight Time
fare	56	PF	1556695703	76	-16.7	-151.02	27.53	12.43	01 May 2019 00:28:23 Pacific Daylight Time
victoria	75	BN	1556694000	66	5.28	115.24	32	1.5	01 May 2019 00:00:00 Pacific Daylight Time
axim	47	GH	1556695704	87	4.87	-2.24	26.33	1.44	01 May 2019 00:28:24 Pacific Daylight Time
pacific grove	90	US	1556695624	66	36.62	-121.92	12	1.5	01 May 2019 00:27:04 Pacific Daylight Time
lagunillas	98	VE	1556695705	42	8.5	-71.39	20.53	4.2	01 May 2019 00:28:25 Pacific Daylight Time
gamba	0	CN	1556695705	16	28.28	88.52	7.53	5.68	01 May 2019 00:28:25 Pacific Daylight Time
tingi	76	TZ	1556695705	89	-11.3	35.03	19.63	3.92	01 May 2019 00:28:25 Pacific Daylight Time
puerto ayora	25	EC	1556695706	88	-0.74	-90.35	25.93	2.76	01 May 2019 00:28:26 Pacific Daylight Time
awjilah	54	LY	1556695706	34	29.14	21.3	24.63	5.19	01 May 2019 00:28:26 Pacific Daylight Time
jalu	56	LY	1556695706	33	29.03	21.55	24.83	5.36	01 May 2019 00:28:26 Pacific Daylight Time
sault sainte marie	90	CA	1556694000	52	46.49	-84.36	7	4.6	01 May 2019 00:00:00 Pacific Daylight Time
kirakira	93	SB	1556695707	78	-10.46	161.92	28.23	1.73	01 May 2019 00:28:27 Pacific Daylight Time
gat	87	SN	1556695707	77	14.69	-16.54	20.33	5.84	01 May 2019 00:28:27 Pacific Daylight Time
inuvik	90	CA	1556694000	90	68.36	-133.71	0	2.6	01 May 2019 00:00:00 Pacific Daylight Time
longyearbyen	75	NO	1556693400	67	78.22	15.63	-8	4.6	30 Apr 2019 23:50:00 Pacific Daylight Time
garowe	62	SO	1556695552	34	8.41	48.48	29.23	2.59	01 May 2019 00:25:52 Pacific Daylight Time
faanui	46	PF	1556695709	78	-16.48	-151.75	27.83	12.27	01 May 2019 00:28:29 Pacific Daylight Time
dhidhdhoo	100	MV	1556695709	78	6.88	73.1	29.43	5.11	01 May 2019 00:28:29 Pacific Daylight Time
ihosy	75	MG	1556695709	83	-22.4	46.13	16.53	4.3	01 May 2019 00:28:29 Pacific Daylight Time
laguna	0	MX	1556695709	34	27.52	-110.01	22.53	3.34	01 May 2019 00:28:29 Pacific Daylight Time
narsaq	75	GL	1556691600	25	60.91	-46.05	11	14.4	30 Apr 2019 23:20:00 Pacific Daylight Time
geraldton	90	CA	1556694000	40	49.72	-86.95	1	5.1	01 May 2019 00:00:00 Pacific Daylight Time
cherskiy	96	RU	1556695711	85	68.75	161.3	-1.18	1.24	01 May 2019 00:28:31 Pacific Daylight Time
coihaique	20	CL	1556694000	93	-45.58	-72.07	6	2.1	01 May 2019 00:00:00 Pacific Daylight Time
hithadhoo	86	MV	1556695712	79	-0.6	73.08	29.33	5.85	01 May 2019 00:28:32 Pacific Daylight Time
sao filipe	7	CV	1556695712	86	14.9	-24.5	21.93	7.59	01 May 2019 00:28:32 Pacific Daylight Time
maumere	4	ID	1556695712	69	-8.63	122.22	28.23	3.83	01 May 2019 00:28:32 Pacific Daylight Time
buraydah	0	SA	1556694000	35	26.33	43.97	31	4.1	01 May 2019 00:00:00 Pacific Daylight Time
katsuura	75	JP	1556695711	93	33.93	134.5	17.78	2.6	01 May 2019 00:28:31 Pacific Daylight Time
dalbandin	0	PK	1556695713	10	28.9	64.41	27.83	2.17	01 May 2019 00:28:33 Pacific Daylight Time
ilulissat	4	GL	1556693400	36	69.22	-51.1	7	9.8	30 Apr 2019 23:50:00 Pacific Daylight Time
shache	80	CN	1556695714	10	38.42	77.24	22.53	4.8	01 May 2019 00:28:34 Pacific Daylight Time
burnie	100	AU	1556695684	79	-41.05	145.91	17.22	1.79	01 May 2019 00:28:04 Pacific Daylight Time
wageningen	90	NL	1556695695	81	51.98	5.66	11.11	0.5	01 May 2019 00:28:15 Pacific Daylight Time
labuhan	67	ID	1556695715	53	-2.54	115.51	32.83	2.23	01 May 2019 00:28:35 Pacific Daylight Time
zatoka	0	PL	1556695672	81	50.04	20.52	13.33	5.7	01 May 2019 00:27:52 Pacific Daylight Time
alofi	6	NU	1556694000	88	-19.06	-169.92	25	1.5	01 May 2019 00:00:00 Pacific Daylight Time
torbay	75	CA	1556695714	79	47.66	-52.73	-1	6.2	01 May 2019 00:28:34 Pacific Daylight Time
dasoguz	0	TM	1556694000	43	41.84	59.97	22	2.1	01 May 2019 00:00:00 Pacific Daylight Time
broome	40	GB	1556695684	93	52.47	1.45	11.11	2.1	01 May 2019 00:28:04 Pacific Daylight Time
severo-kurilsk	3	RU	1556695717	75	50.68	156.12	3.13	4.56	01 May 2019 00:28:37 Pacific Daylight Time
wilmington	90	US	1556695557	76	39.75	-75.55	13	3.1	01 May 2019 00:25:57 Pacific Daylight Time
charlestown	90	US	1556695712	93	41.38	-71.64	7.78	0.98	01 May 2019 00:28:32 Pacific Daylight Time
gualeguay	0	AR	1556695718	70	-33.15	-59.31	9.13	2.22	01 May 2019 00:28:38 Pacific Daylight Time
mahebourg	75	MU	1556695444	73	-20.41	57.7	26.11	7.7	01 May 2019 00:24:04 Pacific Daylight Time
ribeira grande	75	PT	1556694000	71	38.52	-28.7	14	4.1	01 May 2019 00:00:00 Pacific Daylight Time
saskylakh	0	RU	1556695719	89	71.97	114.09	-11.18	3.22	01 May 2019 00:28:39 Pacific Daylight Time
eureka	1	US	1556695425	70	40.8	-124.16	9.44	2.1	01 May 2019 00:23:45 Pacific Daylight Time
ishim	65	RU	1556695719	49	56.11	69.47	4.23	6.37	01 May 2019 00:28:39 Pacific Daylight Time
ust-maya	27	RU	1556695720	52	60.42	134.54	3.13	1.64	01 May 2019 00:28:40 Pacific Daylight Time
hilo	75	US	1556695699	69	19.71	-155.08	24	2.1	01 May 2019 00:28:19 Pacific Daylight Time
cayenne	74	GF	1556694000	88	4.94	-52.33	26	2.6	01 May 2019 00:00:00 Pacific Daylight Time
ponta do sol	84	BR	1556695721	95	-20.63	-46	15.93	1.22	01 May 2019 00:28:41 Pacific Daylight Time
namibe	20	AO	1556690400	93	-15.19	12.15	17	2	30 Apr 2019 23:00:00 Pacific Daylight Time
abasolo	20	MX	1556695722	33	20.45	-101.53	19.23	1.78	01 May 2019 00:28:42 Pacific Daylight Time
te anau	36	NZ	1556695722	92	-45.41	167.72	7.93	2.03	01 May 2019 00:28:42 Pacific Daylight Time
deputatskiy	1	RU	1556695722	82	69.3	139.9	-8.88	1.79	01 May 2019 00:28:42 Pacific Daylight Time
east london	0	ZA	1556694000	64	-33.02	27.91	21	4.1	01 May 2019 00:00:00 Pacific Daylight Time
tapes	58	BR	1556695723	86	-30.67	-51.4	19.23	4.23	01 May 2019 00:28:43 Pacific Daylight Time
mayo	75	CA	1556694000	48	63.59	-135.9	5	1.93	01 May 2019 00:00:00 Pacific Daylight Time
nyurba	100	RU	1556695724	82	63.29	118.35	4.13	2.33	01 May 2019 00:28:44 Pacific Daylight Time
namtsy	0	RU	1556694000	24	62.72	129.66	6	5	01 May 2019 00:00:00 Pacific Daylight Time
novovasylivka	100	UA	1556695725	84	48.2	37.04	11.93	6.14	01 May 2019 00:28:45 Pacific Daylight Time
sola	90	NO	1556695693	87	58.89	5.65	8.33	5.1	01 May 2019 00:28:13 Pacific Daylight Time
lorengau	100	PG	1556695726	82	-2.02	147.27	28.03	0.58	01 May 2019 00:28:46 Pacific Daylight Time
shizukuishi	75	JP	1556694000	77	39.7	140.98	19	3.6	01 May 2019 00:00:00 Pacific Daylight Time
shimoda	75	JP	1556695615	88	34.7	138.93	19	4.1	01 May 2019 00:26:55 Pacific Daylight Time
mount isa	90	AU	1556692200	33	-20.73	139.49	32	3.6	30 Apr 2019 23:30:00 Pacific Daylight Time
ibra	0	OM	1556695727	9	22.69	58.55	34.13	6.04	01 May 2019 00:28:47 Pacific Daylight Time
prince george	1	CA	1556695518	64	53.92	-122.75	5	3.1	01 May 2019 00:25:18 Pacific Daylight Time
poum	40	MK	1556694000	62	41.28	20.71	11	4.6	01 May 2019 00:00:00 Pacific Daylight Time
gwadar	0	PK	1556695728	67	25.12	62.33	27.93	4.25	01 May 2019 00:28:48 Pacific Daylight Time
umm kaddadah	69	SD	1556695504	10	13.6	26.69	30.13	1.63	01 May 2019 00:25:04 Pacific Daylight Time
ugoofaaru	100	MV	1556695728	79	5.67	73	29.23	5.61	01 May 2019 00:28:48 Pacific Daylight Time
ust-omchug	1	RU	1556695729	77	61.13	149.63	-0.78	1.55	01 May 2019 00:28:49 Pacific Daylight Time
manono	97	CD	1556695729	66	-7.3	27.4	25.03	1.17	01 May 2019 00:28:49 Pacific Daylight Time
galeana	67	MX	1556695729	17	24.83	-100.08	17.33	2.04	01 May 2019 00:28:49 Pacific Daylight Time
havre-saint-pierre	40	CA	1556694000	63	50.23	-63.6	-2	5.1	01 May 2019 00:00:00 Pacific Daylight Time
ninghai	40	CN	1556695644	57	29.29	121.42	25.56	5	01 May 2019 00:27:24 Pacific Daylight Time
yumen	6	CN	1556695730	11	40.29	97.04	22.93	11.3	01 May 2019 00:28:50 Pacific Daylight Time
turukhansk	0	RU	1556695731	81	65.8	87.96	-5.88	4.14	01 May 2019 00:28:51 Pacific Daylight Time
asyut	0	EG	1556690400	30	27.18	31.19	28	2.6	30 Apr 2019 23:00:00 Pacific Daylight Time
salym	46	RU	1556695732	60	60.06	71.48	2.43	5.15	01 May 2019 00:28:52 Pacific Daylight Time
kenitra	40	MA	1556695020	88	34.26	-6.57	17.78	2.6	01 May 2019 00:17:00 Pacific Daylight Time
salem	1	US	1556695702	66	44.94	-123.03	11.11	2.01	01 May 2019 00:28:22 Pacific Daylight Time
mokhsogollokh	58	RU	1556695734	42	61.4	128.95	4.93	5.21	01 May 2019 00:28:54 Pacific Daylight Time
north platte	90	US	1556695538	93	41.12	-100.77	4	3.6	01 May 2019 00:25:38 Pacific Daylight Time
lingao	20	CN	1556695734	77	19.91	109.69	25.83	4.29	01 May 2019 00:28:54 Pacific Daylight Time
arraial do cabo	0	BR	1556690400	78	-22.97	-42.02	22	1.5	30 Apr 2019 23:00:00 Pacific Daylight Time
cascais	20	PT	1556695623	87	38.7	-9.42	15	11.3	01 May 2019 00:27:03 Pacific Daylight Time
port-gentil	75	GA	1556694000	88	-0.72	8.78	27	2.1	01 May 2019 00:00:00 Pacific Daylight Time
esmeraldas	20	BR	1556694000	93	-19.76	-44.31	20	2.6	01 May 2019 00:00:00 Pacific Daylight Time
gazojak	36	TM	1556695736	34	41.19	61.4	20.13	4.02	01 May 2019 00:28:56 Pacific Daylight Time
kahului	20	US	1556695636	69	20.89	-156.47	24	4.6	01 May 2019 00:27:16 Pacific Daylight Time
lebu	16	ET	1556695737	53	8.96	38.73	18.83	1.84	01 May 2019 00:28:57 Pacific Daylight Time
vardo	90	US	1556695730	72	39.62	-77.74	17.22	3.1	01 May 2019 00:28:50 Pacific Daylight Time
salamiyah	0	SY	1556695737	39	35.01	37.05	21.13	1.3	01 May 2019 00:28:57 Pacific Daylight Time
talnakh	20	RU	1556694000	77	69.49	88.39	-14	3	01 May 2019 00:00:00 Pacific Daylight Time
tayzhina	65	RU	1556695738	38	53.67	87.44	4.73	7.75	01 May 2019 00:28:58 Pacific Daylight Time
toyooka	75	JP	1556694000	100	35.55	134.82	14	3.1	01 May 2019 00:00:00 Pacific Daylight Time
cimarron hills	90	US	1556695698	86	38.86	-104.7	3.33	4.1	01 May 2019 00:28:18 Pacific Daylight Time
povenets	100	RU	1556695739	61	62.85	34.83	7.23	4.26	01 May 2019 00:28:59 Pacific Daylight Time
nouadhibou	40	MR	1556694000	88	20.93	-17.03	17	2.6	01 May 2019 00:00:00 Pacific Daylight Time
agua branca	100	BR	1556695740	94	-5.89	-42.63	23.23	1.33	01 May 2019 00:29:00 Pacific Daylight Time
byron bay	75	AU	1556695553	83	-28.65	153.62	21	5.7	01 May 2019 00:25:53 Pacific Daylight Time
tuatapere	74	NZ	1556695214	78	-46.13	167.69	13.89	9.66	01 May 2019 00:20:14 Pacific Daylight Time
nabire	100	ID	1556695741	98	-3.36	135.5	23.63	1.03	01 May 2019 00:29:01 Pacific Daylight Time
dali	21	CN	1556695741	33	25.6	100.24	23.63	5.93	01 May 2019 00:29:01 Pacific Daylight Time
nehe	0	CN	1556695741	20	48.48	124.88	16.83	5.44	01 May 2019 00:29:01 Pacific Daylight Time
petropavlovsk-kamchatskiy	0	RU	1556694000	20	53.05	158.65	14	6	01 May 2019 00:00:00 Pacific Daylight Time
caraballeda	20	VE	1556694982	78	10.61	-66.85	26	2.69	01 May 2019 00:16:22 Pacific Daylight Time
salalah	0	OM	1556693400	62	17.01	54.1	32	3.6	30 Apr 2019 23:50:00 Pacific Daylight Time
caravelas	36	BR	1556695743	90	-17.73	-39.27	24.13	1.62	01 May 2019 00:29:03 Pacific Daylight Time
chekhov	0	RU	1556694000	24	55.14	37.45	13	4	01 May 2019 00:00:00 Pacific Daylight Time
paralimni	23	GR	1556695685	38	40.99	23.67	18.89	5.36	01 May 2019 00:28:05 Pacific Daylight Time
svetlaya	71	RU	1556695743	41	46.54	138.33	11.03	3.3	01 May 2019 00:29:03 Pacific Daylight Time
chermoz	48	RU	1556695744	56	58.79	56.15	4.63	4.17	01 May 2019 00:29:04 Pacific Daylight Time
shorewood	90	US	1556695715	86	43.09	-87.89	6.11	5.1	01 May 2019 00:28:35 Pacific Daylight Time
fairbanks	1	US	1556695384	35	64.84	-147.72	13	1.5	01 May 2019 00:23:04 Pacific Daylight Time
paducah	1	US	1556695505	73	37.08	-88.6	22	4.1	01 May 2019 00:25:05 Pacific Daylight Time
mikun	100	RU	1556695745	68	62.35	50.08	5.13	5.47	01 May 2019 00:29:05 Pacific Daylight Time
jardim	100	BR	1556695746	95	-21.48	-56.15	21.83	0.18	01 May 2019 00:29:06 Pacific Daylight Time
mount gambier	29	AU	1556694000	45	-37.83	140.78	19	5.7	01 May 2019 00:00:00 Pacific Daylight Time
codrington	90	AU	1556695553	82	-28.95	153.24	21	4.1	01 May 2019 00:25:53 Pacific Daylight Time
sitka	17	US	1556694957	95	37.17	-99.65	7.78	4.49	01 May 2019 00:15:57 Pacific Daylight Time
ulaangom	89	MN	1556695747	17	49.98	92.07	17.93	4.91	01 May 2019 00:29:07 Pacific Daylight Time
zyryanka	95	RU	1556695747	83	65.73	150.89	-2.58	1.56	01 May 2019 00:29:07 Pacific Daylight Time
saint george	40	GR	1556695405	39	39.45	22.34	17.78	3.6	01 May 2019 00:23:25 Pacific Daylight Time
liverpool	90	GB	1556695455	87	53.41	-2.98	11.67	0.5	01 May 2019 00:24:15 Pacific Daylight Time
tazovskiy	82	RU	1556695748	91	67.47	78.7	-11.28	6	01 May 2019 00:29:08 Pacific Daylight Time
baherove	100	UA	1556695748	75	45.37	36.3	12.83	3.05	01 May 2019 00:29:08 Pacific Daylight Time
bethel	90	US	1556693760	76	60.79	-161.76	10	2.6	30 Apr 2019 23:56:00 Pacific Daylight Time
weiser	1	US	1556695560	35	44.25	-116.97	6	4.1	01 May 2019 00:26:00 Pacific Daylight Time
lwowek slaski	54	PL	1556695716	83	51.11	15.59	12.22	3.73	01 May 2019 00:28:36 Pacific Daylight Time
tomatlan	0	MX	1556695750	75	19.93	-105.25	23.83	3.02	01 May 2019 00:29:10 Pacific Daylight Time
serra talhada	34	BR	1556695750	94	-7.99	-38.29	21.23	1.84	01 May 2019 00:29:10 Pacific Daylight Time
seddon	0	NZ	1556695379	87	-41.67	174.07	7.78	1.32	01 May 2019 00:22:59 Pacific Daylight Time
itaituba	81	BR	1556695751	99	-4.26	-55.99	23.03	0.26	01 May 2019 00:29:11 Pacific Daylight Time
bilibino	88	RU	1556695752	96	68.06	166.44	0.03	0.6	01 May 2019 00:29:12 Pacific Daylight Time
diffa	89	NE	1556695752	12	13.32	12.61	30.23	3.47	01 May 2019 00:29:12 Pacific Daylight Time
nemuro	75	JP	1556694000	93	43.32	145.57	10	3.6	01 May 2019 00:00:00 Pacific Daylight Time
isla mujeres	5	MX	1556695382	83	21.23	-86.73	26	3.6	01 May 2019 00:23:02 Pacific Daylight Time
oistins	20	BB	1556690400	78	13.07	-59.53	27	9.8	30 Apr 2019 23:00:00 Pacific Daylight Time
takoradi	63	GH	1556695728	95	4.89	-1.75	24.73	0.72	01 May 2019 00:28:48 Pacific Daylight Time
riberalta	100	BO	1556695753	99	-11	-66.08	23.53	1.02	01 May 2019 00:29:13 Pacific Daylight Time
whitecourt	100	CA	1556695753	75	54.14	-115.68	-4.88	0.89	01 May 2019 00:29:13 Pacific Daylight Time
anadyr	75	RU	1556695388	91	64.73	177.51	0	11	01 May 2019 00:23:08 Pacific Daylight Time
hemnesberget	75	NO	1556693400	80	66.23	13.61	5	2.1	30 Apr 2019 23:50:00 Pacific Daylight Time
carmen	53	PH	1556695754	41	7.2	124.8	35.73	2.59	01 May 2019 00:29:14 Pacific Daylight Time
parfino	51	RU	1556695755	52	57.97	31.65	10.03	2.73	01 May 2019 00:29:15 Pacific Daylight Time
guerrero negro	0	MX	1556695755	86	27.97	-114.04	15.73	6.78	01 May 2019 00:29:15 Pacific Daylight Time
pangody	100	RU	1556695755	90	65.85	74.49	-4.28	7.99	01 May 2019 00:29:15 Pacific Daylight Time
henties bay	0	NA	1556694131	97	-22.12	14.28	13.89	1.79	01 May 2019 00:02:11 Pacific Daylight Time
nobres	92	BR	1556695756	81	-14.72	-56.34	23.93	0.18	01 May 2019 00:29:16 Pacific Daylight Time
maxixe	0	MZ	1556690400	65	-23.86	35.35	25	0.96	30 Apr 2019 23:00:00 Pacific Daylight Time
yulara	65	AU	1556694000	19	-25.24	130.99	24	4.1	01 May 2019 00:00:00 Pacific Daylight Time
neryungri	89	RU	1556695757	57	56.66	124.71	3.93	2.38	01 May 2019 00:29:17 Pacific Daylight Time
iberia	1	PE	1556695757	96	-11.41	-69.49	22.73	1.09	01 May 2019 00:29:17 Pacific Daylight Time
sauteurs	40	GD	1556694000	88	12.22	-61.63	26	6.7	01 May 2019 00:00:00 Pacific Daylight Time
hamilton	5	BM	1556693700	88	32.3	-64.78	18	0.5	30 Apr 2019 23:55:00 Pacific Daylight Time
nicoya	0	CR	1556690400	58	10.15	-85.45	28	1.5	30 Apr 2019 23:00:00 Pacific Daylight Time
bambous virieux	75	MU	1556695743	73	-20.34	57.76	26.11	7.7	01 May 2019 00:29:03 Pacific Daylight Time
vila velha	40	BR	1556695092	94	-3.71	-38.6	25	1	01 May 2019 00:18:12 Pacific Daylight Time
sabla	44	NG	1556695759	42	12.75	4.71	31.03	3.52	01 May 2019 00:29:19 Pacific Daylight Time
gorlice	59	PL	1556695570	84	49.66	21.16	12.22	3.13	01 May 2019 00:26:10 Pacific Daylight Time
nelson bay	0	AU	1556695234	69	-32.72	152.14	23	2.1	01 May 2019 00:20:34 Pacific Daylight Time
vao	0	EE	1556695760	46	59.1	26.19	9.13	2.03	01 May 2019 00:29:20 Pacific Daylight Time
birao	99	CF	1556695761	32	10.3	22.78	30.53	4.41	01 May 2019 00:29:21 Pacific Daylight Time
luderitz	0	NA	1556690400	87	-26.65	15.16	12	1	30 Apr 2019 23:00:00 Pacific Daylight Time
kodinar	28	IN	1556695761	19	20.79	70.7	36.33	5.51	01 May 2019 00:29:21 Pacific Daylight Time
gueret	0	FR	1556695720	71	46.17	1.87	12	1	01 May 2019 00:28:40 Pacific Daylight Time
west wendover	1	US	1556693760	48	40.74	-114.07	4	3.6	30 Apr 2019 23:56:00 Pacific Daylight Time
lerwick	75	GB	1556693400	100	60.15	-1.15	8	2.6	30 Apr 2019 23:50:00 Pacific Daylight Time
dhanwar	18	IN	1556695762	14	24.42	85.98	42.43	3.01	01 May 2019 00:29:22 Pacific Daylight Time
kindu	100	CD	1556695763	98	-2.95	25.92	20.93	0.87	01 May 2019 00:29:23 Pacific Daylight Time
fortuna	20	ES	1556695700	82	38.18	-1.13	17.22	0.5	01 May 2019 00:28:20 Pacific Daylight Time
lincoln	90	US	1556695565	93	40.8	-96.67	8.89	5.1	01 May 2019 00:26:05 Pacific Daylight Time
oktyabrskoye	40	RU	1556694945	79	56.73	85.44	2.22	7	01 May 2019 00:15:45 Pacific Daylight Time
leningradskiy	59	RU	1556695764	98	69.38	178.42	1.33	6.22	01 May 2019 00:29:24 Pacific Daylight Time
salinas	90	US	1556695733	66	36.67	-121.66	12	1.5	01 May 2019 00:28:53 Pacific Daylight Time
tabou	34	CI	1556695765	95	4.42	-7.36	24.53	0.95	01 May 2019 00:29:25 Pacific Daylight Time
hanko	0	FI	1556695611	39	59.83	22.95	11.11	1.79	01 May 2019 00:26:51 Pacific Daylight Time
north bend	1	US	1556695685	87	43.41	-124.22	8	1.5	01 May 2019 00:28:05 Pacific Daylight Time
manokwari	100	ID	1556695766	85	-0.87	134.08	24.63	1.38	01 May 2019 00:29:26 Pacific Daylight Time
tigil	1	RU	1556695766	48	57.8	158.67	3.53	3.88	01 May 2019 00:29:26 Pacific Daylight Time
winnemucca	1	US	1556694930	86	40.97	-117.74	0	0.94	01 May 2019 00:15:30 Pacific Daylight Time
new ulm	90	US	1556695689	100	44.31	-94.46	4.44	5.1	01 May 2019 00:28:09 Pacific Daylight Time
havoysund	75	NO	1556693400	79	71	24.66	-2	5.7	30 Apr 2019 23:50:00 Pacific Daylight Time
shingu	75	JP	1556694000	100	33.72	135.99	16	3.1	01 May 2019 00:00:00 Pacific Daylight Time
araouane	0	ML	1556695768	13	18.9	-3.53	29.83	3.63	01 May 2019 00:29:28 Pacific Daylight Time
queanbeyan	91	AU	1556695651	59	-35.35	149.23	19.44	1.5	01 May 2019 00:27:31 Pacific Daylight Time
souillac	0	FR	1556695630	81	45.6	-0.6	12.78	1.5	01 May 2019 00:27:10 Pacific Daylight Time
hasaki	75	JP	1556695431	82	35.73	140.83	21.11	3.6	01 May 2019 00:23:51 Pacific Daylight Time
stabat	40	ID	1556695348	70	3.76	98.46	32.22	5.1	01 May 2019 00:22:28 Pacific Daylight Time
banka	15	IN	1556695769	16	24.88	86.92	41.63	3.12	01 May 2019 00:29:29 Pacific Daylight Time
kununurra	69	AU	1556694000	29	-15.77	128.74	37	1	01 May 2019 00:00:00 Pacific Daylight Time
lasa	0	CY	1556694982	68	34.92	32.53	22	2.6	01 May 2019 00:16:22 Pacific Daylight Time
sangin	0	AF	1556695770	13	32.07	64.85	25.53	0.89	01 May 2019 00:29:30 Pacific Daylight Time
yarada	75	IN	1556694000	75	17.65	83.27	32	5.1	01 May 2019 00:00:00 Pacific Daylight Time
luanda	75	AO	1556694000	83	-8.83	13.24	26	2.1	01 May 2019 00:00:00 Pacific Daylight Time
isfana	20	KG	1556694000	33	39.84	69.53	22	8	01 May 2019 00:00:00 Pacific Daylight Time
tooele	1	US	1556695727	74	40.53	-112.3	4	3.6	01 May 2019 00:28:47 Pacific Daylight Time
kotido	60	UG	1556695771	60	3.01	34.12	24.73	3.09	01 May 2019 00:29:31 Pacific Daylight Time
baft	0	IR	1556695772	26	29.23	56.61	11.53	2.36	01 May 2019 00:29:32 Pacific Daylight Time
udgir	62	IN	1556695772	9	18.39	77.12	39.43	5.77	01 May 2019 00:29:32 Pacific Daylight Time
colares	20	PT	1556695738	87	38.8	-9.45	15	11.3	01 May 2019 00:28:58 Pacific Daylight Time
tutoia	100	BR	1556695773	97	-2.76	-42.27	23.53	1.21	01 May 2019 00:29:33 Pacific Daylight Time
bathsheba	20	BB	1556694000	74	13.22	-59.52	27	10.3	01 May 2019 00:00:00 Pacific Daylight Time
whitehorse	20	CA	1556695365	22	60.72	-135.06	8	2.1	01 May 2019 00:22:45 Pacific Daylight Time
lyuban	50	BY	1556695774	54	52.8	28	10.33	4.87	01 May 2019 00:29:34 Pacific Daylight Time
nuuk	0	GL	1556693400	86	64.17	-51.74	1	5.1	30 Apr 2019 23:50:00 Pacific Daylight Time
beringovskiy	41	RU	1556695774	92	63.05	179.32	0.63	1.98	01 May 2019 00:29:34 Pacific Daylight Time
chumikan	100	RU	1556695774	79	54.72	135.31	1.43	4.19	01 May 2019 00:29:34 Pacific Daylight Time
australind	37	AU	1556695775	30	-33.28	115.72	17.22	4.7	01 May 2019 00:29:35 Pacific Daylight Time
frunzivka	27	UA	1556695775	67	47.33	29.75	13.03	7.62	01 May 2019 00:29:35 Pacific Daylight Time
mazatlan	40	MX	1556694977	88	23.22	-106.42	23.89	2.09	01 May 2019 00:16:17 Pacific Daylight Time
vila franca do campo	20	PT	1556695759	71	37.72	-25.43	13	4.6	01 May 2019 00:29:19 Pacific Daylight Time
kapuskasing	75	CA	1556694000	53	49.42	-82.43	-3	3.1	01 May 2019 00:00:00 Pacific Daylight Time
rumoi	75	JP	1556694000	87	43.93	141.67	14	3.1	01 May 2019 00:00:00 Pacific Daylight Time
pisco	0	PE	1556694943	88	-13.71	-76.2	19	3.1	01 May 2019 00:15:43 Pacific Daylight Time
vanimo	100	PG	1556695777	76	-2.67	141.3	28.13	3.15	01 May 2019 00:29:37 Pacific Daylight Time
goderich	100	CA	1556695718	84	43.74	-81.71	7.22	9.39	01 May 2019 00:28:38 Pacific Daylight Time
north myrtle beach	90	US	1556695553	100	33.83	-78.68	19.44	2.11	01 May 2019 00:25:53 Pacific Daylight Time
oil city	1	US	1556695718	87	41.43	-79.71	12.78	3.6	01 May 2019 00:28:38 Pacific Daylight Time
peniche	75	PT	1556695538	82	39.36	-9.38	15	3.6	01 May 2019 00:25:38 Pacific Daylight Time
kalabo	28	ZM	1556695779	61	-15	22.67	19.13	2.43	01 May 2019 00:29:39 Pacific Daylight Time
rio grande	91	BR	1556695779	93	-32.03	-52.1	15.03	1.94	01 May 2019 00:29:39 Pacific Daylight Time
klaksvik	19	FO	1556695200	75	62.23	-6.59	7	2.1	01 May 2019 00:20:00 Pacific Daylight Time
monywa	12	MM	1556695779	24	22.12	95.13	39.83	4.62	01 May 2019 00:29:39 Pacific Daylight Time
khartoum	0	SD	1556694000	7	15.59	32.54	37	3.6	01 May 2019 00:00:00 Pacific Daylight Time
panama city	90	US	1556695593	94	30.16	-85.65	21.11	1.5	01 May 2019 00:26:33 Pacific Daylight Time
saurimo	75	AO	1556690400	77	-9.66	20.4	21	2.18	30 Apr 2019 23:00:00 Pacific Daylight Time
iranshahr	0	IR	1556694000	16	27.21	60.69	33	2.1	01 May 2019 00:00:00 Pacific Daylight Time
pevek	97	RU	1556695781	88	69.7	170.27	3.43	3.89	01 May 2019 00:29:41 Pacific Daylight Time
aguimes	20	ES	1556695526	72	27.91	-15.45	18.33	9.8	01 May 2019 00:25:26 Pacific Daylight Time
beyneu	54	KZ	1556695782	43	45.32	55.19	15.33	7.02	01 May 2019 00:29:42 Pacific Daylight Time
flin flon	90	CA	1556695782	90	54.77	-101.88	-1.98	3.04	01 May 2019 00:29:42 Pacific Daylight Time
ouallam	77	NE	1556695782	8	14.32	2.08	30.03	1.62	01 May 2019 00:29:42 Pacific Daylight Time
samarai	100	PG	1556695783	79	-10.62	150.67	27.53	2.72	01 May 2019 00:29:43 Pacific Daylight Time
las vegas	75	US	1556695566	45	36.17	-115.15	18.33	6.7	01 May 2019 00:26:06 Pacific Daylight Time
meulaboh	100	ID	1556695783	61	4.14	96.13	30.03	2.69	01 May 2019 00:29:43 Pacific Daylight Time
kedrovyy	40	RU	1556694000	48	56.17	91.82	5	12	01 May 2019 00:00:00 Pacific Daylight Time
iwaki	75	JP	1556695782	82	37.05	140.89	20	5.1	01 May 2019 00:29:42 Pacific Daylight Time
tshikapa	71	CD	1556695784	70	-6.42	20.79	25.33	0.49	01 May 2019 00:29:44 Pacific Daylight Time
shambu	99	ET	1556695785	59	9.57	37.1	19.03	0.43	01 May 2019 00:29:45 Pacific Daylight Time
samagaltay	74	RU	1556695785	16	50.6	95	16.23	4.36	01 May 2019 00:29:45 Pacific Daylight Time
solnechnyy	94	RU	1556695785	31	50.72	136.64	17.73	2.41	01 May 2019 00:29:45 Pacific Daylight Time
monrovia	75	LR	1556694000	100	6.33	-10.8	25	1.73	01 May 2019 00:00:00 Pacific Daylight Time
leh	61	IN	1556695786	43	34.16	77.58	0.03	4.75	01 May 2019 00:29:46 Pacific Daylight Time
heusweiler	0	DE	1556695750	71	49.34	6.93	12.78	2.6	01 May 2019 00:29:10 Pacific Daylight Time
gatton	20	AU	1556695784	53	-27.56	152.28	24	5.1	01 May 2019 00:29:44 Pacific Daylight Time
khandbari	0	NP	1556695787	31	27.38	87.21	20.73	3.47	01 May 2019 00:29:47 Pacific Daylight Time
kavieng	69	PG	1556695788	64	-2.57	150.8	30.23	0.74	01 May 2019 00:29:48 Pacific Daylight Time
igarka	3	RU	1556695788	78	67.47	86.57	-8.98	2.7	01 May 2019 00:29:48 Pacific Daylight Time
nikko	100	JP	1556694909	88	36.75	139.62	17.78	0.45	01 May 2019 00:15:09 Pacific Daylight Time
necochea	19	AR	1556694735	57	-38.55	-58.74	10	2.24	01 May 2019 00:12:15 Pacific Daylight Time
tra vinh	100	VN	1556695789	42	9.93	106.35	35.93	2.15	01 May 2019 00:29:49 Pacific Daylight Time
san matias	20	HN	1556694000	68	13.97	-86.63	21	2.6	01 May 2019 00:00:00 Pacific Daylight Time
la ronge	75	CA	1556694000	62	55.1	-105.3	-6	4.6	01 May 2019 00:00:00 Pacific Daylight Time
dubrovka	0	RU	1556695537	26	59.85	30.93	14	4	01 May 2019 00:25:37 Pacific Daylight Time
matamoros	90	US	1556695546	88	25.87	-97.51	26.11	8.2	01 May 2019 00:25:46 Pacific Daylight Time
belmonte	33	PT	1556694913	91	40.36	-7.35	10.56	1.78	01 May 2019 00:15:13 Pacific Daylight Time
half moon bay	20	US	1556695790	71	37.46	-122.43	12.22	2.6	01 May 2019 00:29:50 Pacific Daylight Time
marsa matruh	0	EG	1556690400	77	31.35	27.25	20	4.6	30 Apr 2019 23:00:00 Pacific Daylight Time
okuchi	75	JP	1556695386	93	32.07	130.62	16	4.6	01 May 2019 00:23:06 Pacific Daylight Time
nisia floresta	40	BR	1556694000	94	-6.09	-35.21	25	1	01 May 2019 00:00:00 Pacific Daylight Time
quatre cocos	75	MU	1556695743	73	-20.21	57.76	26.11	7.7	01 May 2019 00:29:03 Pacific Daylight Time
puerto ayacucho	4	CO	1556695793	75	5.66	-67.63	26.43	1.71	01 May 2019 00:29:53 Pacific Daylight Time
tilichiki	98	RU	1556695793	70	60.47	166.1	3.93	5.43	01 May 2019 00:29:53 Pacific Daylight Time
stepnyak	0	KZ	1556695793	31	52.83	70.79	4.33	4.21	01 May 2019 00:29:53 Pacific Daylight Time
borova	75	UA	1556695760	100	50.18	30.1	7.22	5	01 May 2019 00:29:20 Pacific Daylight Time
monteagudo	100	BO	1556695794	98	-19.8	-63.96	16.93	0.97	01 May 2019 00:29:54 Pacific Daylight Time
namatanai	86	PG	1556695794	81	-3.66	152.44	27.73	1	01 May 2019 00:29:54 Pacific Daylight Time
keetmanshoop	0	NA	1556694000	30	-26.57	18.15	20	0.5	01 May 2019 00:00:00 Pacific Daylight Time
quang ngai	39	VN	1556695795	34	15.12	108.8	35.33	2.36	01 May 2019 00:29:55 Pacific Daylight Time
hangu	20	PK	1556694000	29	33.53	71.06	32	8.2	01 May 2019 00:00:00 Pacific Daylight Time
verkhoyansk	5	RU	1556695795	58	67.55	133.39	-2.08	3.77	01 May 2019 00:29:55 Pacific Daylight Time
barpali	21	IN	1556695797	24	21.2	83.58	39.63	4.85	01 May 2019 00:29:57 Pacific Daylight Time
banda aceh	61	ID	1556695797	66	5.56	95.32	30.13	2.41	01 May 2019 00:29:57 Pacific Daylight Time
kamenka	2	RU	1556695798	39	53.19	44.05	8.53	2.52	01 May 2019 00:29:58 Pacific Daylight Time
vadso	75	NO	1556693400	63	70.07	29.75	-1	5.1	30 Apr 2019 23:50:00 Pacific Daylight Time
ixtapa	5	MX	1556695515	100	20.71	-105.21	22.78	3.37	01 May 2019 00:25:15 Pacific Daylight Time
road town	75	VG	1556695687	69	18.42	-64.62	26	4.6	01 May 2019 00:28:07 Pacific Daylight Time
rehoboth	0	NA	1556695799	39	-23.31	17.08	17.53	1.55	01 May 2019 00:29:59 Pacific Daylight Time
bonthe	74	SL	1556695799	85	7.53	-12.5	26.73	1.69	01 May 2019 00:29:59 Pacific Daylight Time
zhigansk	100	RU	1556695800	92	66.77	123.37	-0.88	5.1	01 May 2019 00:30:00 Pacific Daylight Time
laurel	90	US	1556695600	80	45.67	-108.77	1.11	3.6	01 May 2019 00:26:40 Pacific Daylight Time
mayumba	94	GA	1556695800	85	-3.44	10.65	26.63	1.43	01 May 2019 00:30:00 Pacific Daylight Time
kanakapura	40	IN	1556695788	55	12.54	77.42	30.56	6.7	01 May 2019 00:29:48 Pacific Daylight Time
escanaba	90	US	1556695792	69	45.75	-87.06	5	5.7	01 May 2019 00:29:52 Pacific Daylight Time
nunkini	0	MX	1556695802	75	20.4	-90.15	26.45	8.35	01 May 2019 00:30:02 Pacific Daylight Time
praya	75	ID	1556695800	66	-8.71	116.27	31	3.1	01 May 2019 00:30:00 Pacific Daylight Time
aykhal	90	RU	1556694000	74	65.95	111.51	-1	2	01 May 2019 00:00:00 Pacific Daylight Time
tinaquillo	100	VE	1556695804	98	9.92	-68.31	19.45	0.93	01 May 2019 00:30:04 Pacific Daylight Time
soubre	54	CI	1556695805	81	5.79	-6.61	26.85	1.62	01 May 2019 00:30:05 Pacific Daylight Time
palauig	15	PH	1556695806	65	15.44	119.9	30.25	2.46	01 May 2019 00:30:06 Pacific Daylight Time
ust-barguzin	0	RU	1556695807	41	53.41	109.03	12.35	1.39	01 May 2019 00:30:07 Pacific Daylight Time
high level	90	CA	1556694000	41	58.52	-117.13	-4	2.1	01 May 2019 00:00:00 Pacific Daylight Time
cairns	90	AU	1556695519	78	-16.92	145.77	26.67	4.1	01 May 2019 00:25:19 Pacific Daylight Time
port blair	99	IN	1556695809	71	11.67	92.75	29.65	6.02	01 May 2019 00:30:09 Pacific Daylight Time
okhotsk	60	RU	1556695810	48	59.36	143.24	5.05	5.01	01 May 2019 00:30:10 Pacific Daylight Time
cardenas	0	MX	1556694797	76	27.62	-110.24	16.11	0.89	01 May 2019 00:13:17 Pacific Daylight Time
dolores	69	AR	1556695812	54	-36.31	-57.68	7.55	3.22	01 May 2019 00:30:12 Pacific Daylight Time
lana	0	IT	1556695812	66	46.61	11.16	11	1.5	01 May 2019 00:30:12 Pacific Daylight Time
hopeman	75	GB	1556695805	87	57.71	-3.43	11.11	0.5	01 May 2019 00:30:05 Pacific Daylight Time
ganzhou	78	CN	1556695814	59	25.86	114.93	22.65	3.88	01 May 2019 00:30:14 Pacific Daylight Time
arlit	0	NE	1556695814	5	18.74	7.39	36.35	4.89	01 May 2019 00:30:14 Pacific Daylight Time
vestmannaeyjar	90	IS	1556690400	100	63.44	-20.27	7	2.1	30 Apr 2019 23:00:00 Pacific Daylight Time
bud	75	NO	1556695200	93	62.91	6.91	9	3.6	01 May 2019 00:20:00 Pacific Daylight Time
prudentopolis	100	BR	1556695815	99	-25.21	-50.98	15.55	1.09	01 May 2019 00:30:15 Pacific Daylight Time
poyarkovo	0	RU	1556695815	18	49.62	128.65	10.95	8.19	01 May 2019 00:30:15 Pacific Daylight Time
bethanien	0	NA	1556695816	25	-26.5	17.16	24.35	4.68	01 May 2019 00:30:16 Pacific Daylight Time
sinnamary	91	GF	1556695816	84	5.38	-52.96	26.85	8.12	01 May 2019 00:30:16 Pacific Daylight Time
buckeye	1	US	1556695518	42	33.37	-112.58	23.33	3.82	01 May 2019 00:25:18 Pacific Daylight Time
karpathos	20	GR	1556693400	82	35.51	27.21	19	2.1	30 Apr 2019 23:50:00 Pacific Daylight Time
benguela	20	AO	1556694000	78	-12.58	13.4	26	1.74	01 May 2019 00:00:00 Pacific Daylight Time
alexandria	20	US	1556695805	88	31.31	-92.44	22.22	3.6	01 May 2019 00:30:05 Pacific Daylight Time
itarema	100	BR	1556695818	96	-2.92	-39.92	23.75	2.04	01 May 2019 00:30:18 Pacific Daylight Time
lagoa	0	PT	1556695311	88	37.14	-8.45	18	4.05	01 May 2019 00:21:51 Pacific Daylight Time
tocopilla	86	CL	1556695819	93	-22.09	-70.2	17.55	6.62	01 May 2019 00:30:19 Pacific Daylight Time
nokaneng	0	BW	1556695819	26	-19.66	22.19	29.15	2.23	01 May 2019 00:30:19 Pacific Daylight Time
chapais	1	CA	1556694000	66	49.78	-74.86	-9	1	01 May 2019 00:00:00 Pacific Daylight Time
westport	75	IE	1556695625	100	53.8	-9.52	9.44	2.1	01 May 2019 00:27:05 Pacific Daylight Time
kruisfontein	26	ZA	1556695820	67	-34	24.73	19.25	1.03	01 May 2019 00:30:20 Pacific Daylight Time
dajabon	0	DO	1556695808	43	19.55	-71.71	23.89	2.24	01 May 2019 00:30:08 Pacific Daylight Time
acapulco	20	MX	1556693100	88	16.86	-99.88	25	1	30 Apr 2019 23:45:00 Pacific Daylight Time
mookane	0	BW	1556695821	24	-23.68	26.66	25.35	2.2	01 May 2019 00:30:21 Pacific Daylight Time
macrohon	2	PH	1556695822	65	10.08	124.94	30.45	2.94	01 May 2019 00:30:22 Pacific Daylight Time
steinbach	90	CA	1556695757	86	49.53	-96.69	4	2.6	01 May 2019 00:29:17 Pacific Daylight Time
parry sound	100	CA	1556695818	32	45.34	-80.04	6.67	5.83	01 May 2019 00:30:18 Pacific Daylight Time
leshukonskoye	100	RU	1556695823	81	64.9	45.76	2.55	1.85	01 May 2019 00:30:23 Pacific Daylight Time
monzon	0	IT	1556695815	66	46.45	11.69	11	1.5	01 May 2019 00:30:15 Pacific Daylight Time
besleney	51	RU	1556694964	3	44.24	41.74	21.67	2.68	01 May 2019 00:16:04 Pacific Daylight Time
grindavik	35	IS	1556694000	100	63.84	-22.43	8	1.5	01 May 2019 00:00:00 Pacific Daylight Time
olutanga	31	PH	1556695824	66	7.31	122.85	29.95	0.8	01 May 2019 00:30:24 Pacific Daylight Time
garden city	90	US	1556695652	93	40.73	-73.63	12.78	1.5	01 May 2019 00:27:32 Pacific Daylight Time
meadow lake	77	CA	1556695826	34	54.13	-108.44	-6.75	1.77	01 May 2019 00:30:26 Pacific Daylight Time
riyadh	0	SA	1556694000	11	24.63	46.72	30	4.1	01 May 2019 00:00:00 Pacific Daylight Time
anaco	8	VE	1556695827	74	9.43	-64.46	24.55	5.13	01 May 2019 00:30:27 Pacific Daylight Time
ballarat	47	AU	1556695691	75	-37.56	143.86	17.22	0.89	01 May 2019 00:28:11 Pacific Daylight Time
channel-port aux basques	0	CA	1556695827	79	47.57	-59.14	-0.15	11.45	01 May 2019 00:30:27 Pacific Daylight Time
shubarshi	100	KZ	1556695828	33	48.59	57.19	11.05	4.26	01 May 2019 00:30:28 Pacific Daylight Time
sursk	0	RU	1556695828	35	53.07	45.69	10.65	3.3	01 May 2019 00:30:28 Pacific Daylight Time
juegang	0	CN	1556695758	50	32.31	121.18	23.89	4.87	01 May 2019 00:29:18 Pacific Daylight Time
morondava	0	MG	1556695829	57	-20.3	44.28	28.85	3.97	01 May 2019 00:30:29 Pacific Daylight Time
yar-sale	100	RU	1556695829	86	66.83	70.83	-0.35	8.23	01 May 2019 00:30:29 Pacific Daylight Time
padang	20	ID	1556694000	62	-0.92	100.36	32	2.1	01 May 2019 00:00:00 Pacific Daylight Time
severnoye	99	RU	1556695830	43	54.09	52.54	9.05	4.59	01 May 2019 00:30:30 Pacific Daylight Time
mogzon	0	RU	1556695830	13	51.74	111.97	19.65	3.16	01 May 2019 00:30:30 Pacific Daylight Time
yabelo	87	ET	1556695830	54	4.89	38.09	24.45	5.83	01 May 2019 00:30:30 Pacific Daylight Time
sistranda	75	NO	1556695794	87	63.73	8.83	7.22	5.7	01 May 2019 00:29:54 Pacific Daylight Time
vanino	16	RU	1556695831	42	53.93	40.55	12.25	4.53	01 May 2019 00:30:31 Pacific Daylight Time
dzhebariki-khaya	0	RU	1556695831	52	62.22	135.8	0.25	1.62	01 May 2019 00:30:31 Pacific Daylight Time
olhao	0	PT	1556695048	88	37.03	-7.84	18	1.79	01 May 2019 00:17:28 Pacific Daylight Time
guipavas	0	FR	1556695687	93	48.43	-4.4	11.11	0.5	01 May 2019 00:28:07 Pacific Daylight Time
hobyo	61	SO	1556695832	43	5.35	48.53	33.45	2.81	01 May 2019 00:30:32 Pacific Daylight Time
iquique	0	CL	1556694000	63	-20.22	-70.14	17	1.5	01 May 2019 00:00:00 Pacific Daylight Time
urcos	75	PE	1556694000	76	-13.69	-71.62	10	1	01 May 2019 00:00:00 Pacific Daylight Time
bereda	75	ES	1556695809	87	43.27	-7.54	13.89	2.1	01 May 2019 00:30:09 Pacific Daylight Time
rocha	0	UY	1556695834	85	-34.48	-54.34	6.75	0.84	01 May 2019 00:30:34 Pacific Daylight Time
changli	100	CN	1556695834	33	30.54	105.42	26.85	5.55	01 May 2019 00:30:34 Pacific Daylight Time
demirci	81	TR	1556695834	32	39.05	28.66	18.35	6.88	01 May 2019 00:30:34 Pacific Daylight Time
comodoro rivadavia	0	AR	1556694000	70	-45.87	-67.48	8	1.5	01 May 2019 00:00:00 Pacific Daylight Time
marystown	23	CA	1556695835	81	47.17	-55.16	-0.95	5.81	01 May 2019 00:30:35 Pacific Daylight Time
south venice	1	US	1556695810	88	27.05	-82.42	23.33	3.6	01 May 2019 00:30:10 Pacific Daylight Time
amalapuram	40	IN	1556694000	47	16.58	82	36	5.7	01 May 2019 00:00:00 Pacific Daylight Time
gannan	0	CN	1556695836	19	47.92	123.49	19.35	6.26	01 May 2019 00:30:36 Pacific Daylight Time
saint-vallier	90	FR	1556695508	100	46.64	4.37	9.44	1.48	01 May 2019 00:25:08 Pacific Daylight Time
esperance	20	TT	1556695809	88	10.24	-61.45	25	4.26	01 May 2019 00:30:09 Pacific Daylight Time
de-kastri	81	RU	1556695837	54	51.48	140.77	9.15	2.57	01 May 2019 00:30:37 Pacific Daylight Time
sambava	57	MG	1556695838	94	-14.27	50.17	23.25	2.38	01 May 2019 00:30:38 Pacific Daylight Time
kizukuri	75	JP	1556695811	93	40.81	140.39	15	1.5	01 May 2019 00:30:11 Pacific Daylight Time
kudahuvadhoo	31	MV	1556695838	77	2.67	72.89	29.85	6.73	01 May 2019 00:30:38 Pacific Daylight Time
kualakapuas	40	ID	1556694000	79	-3.01	114.39	29	3.6	01 May 2019 00:00:00 Pacific Daylight Time
muisne	93	EC	1556695839	82	0.61	-80.02	27.25	5.35	01 May 2019 00:30:39 Pacific Daylight Time
ballina	75	IE	1556695625	100	54.11	-9.15	9.44	2.1	01 May 2019 00:27:05 Pacific Daylight Time
mezen	100	RU	1556695840	66	65.85	44.24	0.15	2.74	01 May 2019 00:30:40 Pacific Daylight Time
